Title,Municipality,City,Province,Estimated Value,Currency,Due Date,Status,AI Confidence,Committee,Meeting Date,Meeting URL,Calendar URL,Opportunity Type,Description,Design Capacity (MGD),Actual Capacity (MGD),Utilization %,Population Growth %,Growth Period,Year Built,Infrastructure Age,Last Upgrade Year,Infrastructure Notes,Recent Bonds,RFP ID
Water Treatment Facility Upgrade: New Membrane Building,City of Brandon - Manitoba,City of Brandon,Manitoba,127871394.77,CAD,,identified,90,Regular Council Meeting,2025-07-28,https://www.brandon.ca/media/4zpfsztw/agenda-july-28-2025.pdf,https://www.brandon.ca/city-hall/agendas-and-minutes,project_discussion,"Approval of bid from NAC Constructors Ltd. for the Water Treatment Facility Upgrade involving a new membrane building, with additional funding of $19,000,000 approved through ICIP and debenture. Total cost $127,871,394.77 (net of GST).",15.85,10.04,63.4,1.1,2011-2021,1971,53,2017,Original construction 1971. Major upgrades in 2002 (tertiary treatment) and 2015-2017 (expansion and UV disinfection).,,35c82463-0384-45de-a308-ba9d8cdd6ca0
Wastewater Treatment Plant Expansion and Modernization,"Lucan Biddulph, Township of - Ontario","Lucan Biddulph, Township of",Ontario,17661438,CAD,,identified,95,,,https://www.lucanbiddulph.on.ca/sites/default/files/2026-01/2025%20Year%20in%20Review.pdf,https://www.lucanbiddulph.on.ca/town-hall/council-agendas-minutes,project_discussion,"The Township of Lucan Biddulph received $17,661,438 in funding from the Municipal Housing and Infrastructure Program through the Province of Ontario to support the expansion and modernization of its Wastewater Treatment Plant. This funding is highlighted in the 2025 Year in Review, indicating an approved capital project likely leading to procurement opportunities.",,,,1.2,2016-2021,,,,,,50d6569c-725d-41a3-ad2f-b5faa58b0082
"Lucan WWTP Expansion and Modernization - Lucan Biddulph Township, Ontario","Lucan Biddulph, Township of - Ontario","Lucan Biddulph, Township of",Ontario,17661438,CAD,,identified,70,,,https://www.lucanbiddulph.on.ca/sites/default/files/2026-01/2025%20Year%20in%20Review.pdf,https://www.lucanbiddulph.on.ca/town-hall/council-agendas-minutes,planning_stage,"The Township of Lucan Biddulph received significant provincial funding to support the expansion and modernization of its wastewater treatment plant. This funding announcement indicates a planned project driven by the need to expand capacity and modernize facilities, likely in response to growing demands or infrastructure age, though specific problems are not detailed. No current performance numbers versus requirements, violations, or failures are mentioned. Technical data from water/sewer highli",,,,1.6,2016-2021,,,,,,fbe2c617-b152-4557-8775-eefd82e7cdda
Wastewater Treatment Plant Upgrade - Phase 2,Halifax - Nova Scotia,Halifax,Nova Scotia,8500000,CAD,2026-04-15T00:00:00+00:00,identified,92,,,,,,"The Halifax Regional Municipality is seeking proposals for the upgrade of the Dartmouth Wastewater Treatment Plant, including installation of new UV disinfection systems, membrane filtration upgrades, and control system modernization. The project includes design, supply, installation, and commissioning of all equipment.",,52.6,,1.8,2016-2021,,,,"Multiple WWTPs: Eastern Passage (1986), MacKay Cove (1992), Herring Cove (1992), Mill Cove (2004, largest). New centralized secondary WWTP under construction (480 ML/d capacity, expected 2031 commissioning).",,45889063-8f88-41ca-8e19-31dd2b59d0fe
Prescott Wastewater Treatment Plant and Services Expansion - Detailed Design RFP,"Prescott, Town of - Ontario","Prescott, Town of",Ontario,2825650,CAD,,identified,95,Town of Prescott Council,2025-06-16,https://www.prescott.ca/media/3dtiztjk/council-agenda-june-16-2025.pdf,https://www.prescott.ca/town-hall/agendas-minutes/,project_discussion,"The Town of Prescott is expanding its Wastewater Treatment Plant and services, requiring detailed design and contract administration services. An RFP (RFP-04-2025) has been issued and is recommended for award to J.L. Richards and Associates Limited. No specific problem statement details such as capacity issues, flow rates, contaminant levels, or violations are provided in the agenda item. No technical data including flow rates (ML/day), capacities, phosphorus/nitrogen levels, BOD/TSS, population",,,,-0.8,2016-2021,,,,,,fdae8a46-8192-4318-96fb-b6ad885d3fd9
Prescott Wastewater Treatment Plant and Services Expansion - Detailed Design and Contract Administration,"Prescott, Town of - Ontario","Prescott, Town of",Ontario,2825650,CAD,,identified,95,Prescott Town Council,2025-06-16,https://www.prescott.ca/media/pc2aewsc/council-minutes-june-16-2025.pdf,https://www.prescott.ca/town-hall/agendas-minutes/,project_discussion,"Council awarded the detailed design and contract administration RFP for the Wastewater Treatment Plant and Services Expansion, indicating an approved major upgrade or capacity increase project driven by unidentified needs such as growth, capacity constraints, or regulatory requirements. No specific problem statement details like current performance failures, effluent violations, or capacity shortfalls were provided in the minutes. No technical data such as flow rates (ML/day), capacities (hydrau",,,,0.22,2016-2021,,,,,,fc4d9b3b-b2d6-4e80-86a7-afe6ed7d6336
Chertsey Programme de réhabilitation de l’environnement - Installations septiques municipales,Chertsey - Quebec,Chertsey,Quebec,2000000,CAD,,identified,95,Procès-verbal de la séance ordinaire du conseil,2025-09-15,https://chertsey.ca/storage/app/media/municipalite/vie_democratique/proces-verbaux/2025/PV-Seance-du-15-septembre-2025.pdf,https://chertsey.ca/municipalite/vie-democratique/proces-verbaux,project_discussion,"The Municipality of Chertsey is approving a bylaw to authorize spending and borrowing up to 2,000,000 CAD to finance the Programme de réhabilitation de l’environnement focused on septic installations. The program aims to oblige property owners to maintain conforming and non-polluting septic systems, addressing environmental pollution from non-compliant on-site wastewater treatment systems. No specific current performance numbers, flows, capacities, or contaminant levels are mentioned, but the in",,,,1.34,2016-2021,,,,,,04629632-66d7-4aa3-a630-f9d63f9767f8
Alexandria Sewage Works Upgrade - Design Optimization and Contract Administration Services,"North Glengarry, Township of - Ontario","North Glengarry, Township of",Ontario,1823202,CAD,,identified,95,Regular Meeting of Council,2025-05-12,https://www.northglengarry.ca/media/pshle32t/05-12-2025-min.pdf,https://www.northglengarry.ca/government/council-meeting-information/,project_discussion,"The Township of North Glengarry is undertaking an upgrade to the Alexandria Sewage Works, a wastewater treatment facility. An updated proposal was presented for design optimization and contract administration services. No specific problem statement such as performance issues, violations, or effluent exceedances was detailed in the minutes. No technical data including flow rates, capacities, contaminant levels (e.g., TP, TN, NH3-N, BOD, TSS), population served, infrastructure age, or current trea",,,,-0.65,2016-2021,,,,,,3ee82968-ed46-499b-8bc6-94283ce98210
Chénéville Sewer Network and Wastewater Treatment System - Engineering Professional Services Contract,Chénéville - Quebec,Chénéville,Quebec,1468250.19,CAD,,identified,95,Séance extraordinaire du conseil,2024-03-01,https://www.ville-cheneville.com/_files/ugd/dcb271_fe870d03c3be4e0281aecc2e1ddfb76b.pdf,https://www.ville-cheneville.com/proces-verbaux,planning_stage,"The Municipality of Chénéville is advancing a major wastewater sanitation project involving the implementation of a new sewer network (réseau d’égout) and wastewater treatment system (traitement des eaux usées), requiring professional engineering services for the preparation of plans and specifications (confection des plans et devis). No specific problems with existing infrastructure are mentioned, as this appears to be a greenfield project to establish sanitation services, likely driven by grow",,,,2.6,2016-2021,,,,No verifiable data found from reliable sources.,,3f844a9f-9cb2-49e7-8a31-5d61081ae9b7
Chénéville New Sewer Network and Wastewater Treatment System - Engineering Plans and Specifications by CIMA+,Chénéville - Quebec,Chénéville,Quebec,1468250.19,CAD,,identified,95,Séance régulière du conseil,2024-03-04,https://www.ville-cheneville.com/_files/ugd/dcb271_8cc0acf2db3d413d98c4af700e9ab06d.pdf,https://www.ville-cheneville.com/proces-verbaux,planning_stage,"The Municipality of Chénéville is implementing a new sewer network (réseau d’égout) and wastewater treatment system (traitement des eaux usées), indicating a lack of existing infrastructure or need for major expansion to serve the community. No specific current performance numbers, violations, flows, capacities, contaminant levels, population served, or infrastructure age are mentioned in the discussion. The project is driven by the Programme d’infrastructures municipales d’eau (PRIMEAU) subvent",,,,1.7,2011-2021,,,,,,33bd2324-5057-4913-8c06-544c76aaba06
Disraeli Station d'Épuration Étangs Aérés 1 et 4 Boues Vidange Déshydratation Transport Disposition,Disraeli - Quebec,Disraeli,Quebec,1241172.37,CAD,,identified,95,Conseil de la Ville de Disraeli,2025-07-14,https://www.villededisraeli.ca/fichiersUpload/fichiers/20250909111358-seance-ordinaire-du-14-juillet-2025.pdf,https://www.villededisraeli.ca/fr/municipalite/vie-municipale/assemblees-du-conseil/,project_discussion,"Works are necessary for the emptying and dewatering of sludges from aerated ponds 1 and 4 at the Ville de Disraeli wastewater treatment station (station d'épuration). Technical specifications prepared by engineering firm CIMA+ dated April 15, 2025, and tender posted on SEAO system on April 15, 2025, with bids opened on May 5, 2025. Lowest compliant bidder GFL Environmental Inc. selected. No specific flow rates, capacities, or contaminant levels mentioned. No violations or performance issues deta",,,,-0.73,2016-2021,,,,,,8e532288-da34-4f06-a15b-b4c2dc3fe588
"Alexandria Lagoon Treatment Facility Tertiary Treatment - Disk Filter System Supply and Commissioning - Alexandria, Ontario","North Glengarry, Township of - Ontario","North Glengarry, Township of",Ontario,1151400,CAD,,identified,98,Special Meeting of Council,2025-07-23,https://www.northglengarry.ca/media/2iwcgozq/07-23-2025-special.pdf,https://www.northglengarry.ca/government/council-meeting-information/,project_discussion,"The Alexandria Lagoon Expansion design is being updated to incorporate efficient tertiary filtration technologies as an alternative to sand filters for final polishing after diffused-air lagoon and SAGR beds, targeting residual solids and phosphorus removal to meet stringent Ministry of the Environment, Conservation and Parks effluent total phosphorus limit of 0.15 mg/L. Original sand filters would incur high construction costs and servicing difficulties. RFP PW-2025-03 issued May 28, 2025, rece",,,,0.6,2016-2021,,,,,,a553f86a-559f-4f27-a35c-250591604211
Alexandria Lagoon Treatment Facility Expansion - Tertiary Disk Filtration System Supply and Commissioning,"North Glengarry, Township of - Ontario","North Glengarry, Township of",Ontario,1151400,CAD,,identified,98,Special Meeting of Council,2025-07-23,https://www.northglengarry.ca/media/2iwcgozq/07-23-2025-special.pdf,https://www.northglengarry.ca/government/council-meeting-information/,project_discussion,"The Alexandria Lagoon Expansion design is being updated to incorporate efficient tertiary treatment technologies as an alternative to costly and hard-to-service sand filters, targeting Ministry of the Environment, Conservation and Parks effluent total phosphorus limit of 0.15 mg/L after new diffused-air lagoon and SAGR beds. The tertiary disk filters provide final polishing for residual solids and phosphorus. RFP PW-2025-03 issued May 28, 2025, received bids from Nexom Inc ($1,151,400 total: $91",,,,-0.72,2016-2021,,,,,,cf797a90-ac21-4939-a517-eee6f494b27d
"Alexandria Lagoons Full Cleanout Cells A, B, and C - Township of North Glengarry","North Glengarry, Township of - Ontario","North Glengarry, Township of",Ontario,1030937,CAD,,identified,80,Regular Meeting of Council,2025-06-23,https://www.northglengarry.ca/media/k1mbz5e4/june-23-2025-reg-min.pdf,https://www.northglengarry.ca/government/council-meeting-information/,project_discussion,"Council approved a full cleanout of the Alexandria Lagoons, Cells A, B, and C, ahead of main construction. No specific problem statement provided such as performance issues, violations, or capacity problems. No technical data mentioned including flow rates, capacities, contaminant levels, population served, infrastructure age, or treatment processes. No regulatory context, permit conditions, compliance deadlines, or agency specified. Facility is Alexandria Lagoons wastewater treatment facility w",,,,0.06,2016-2021,,,,,,7ed88a80-677a-4218-9a43-bacb2d2abb32
99 North Town Line East Multi-Use Recreational Facility Private Package Sewage Treatment Plant and Water Distribution Servicing,"Ingersoll, Town of - Ontario","Ingersoll, Town of",Ontario,750000,CAD,,identified,70,Regular Meeting of Council,2019-04-08,https://webresources.ingersoll.ca/documents/April-8-Regular-Council-Meeting-Agenda.pdf,http://www.ingersoll.ca/town-hall/council-agendas-and-minutes/,planning_stage,"The Town of Ingersoll is pursuing Official Plan Amendment and rezoning for 99 North Town Line East property (56 acres) in Zorra Township to develop a multi-use recreational facility including sports fields and buildings, requiring new sanitary sewer and water servicing as cross-border municipal servicing may not be permitted under Oxford County OP without additional OPA. Current property has existing water service from former house which can potentially be activated and upgraded under common law",4.76,3.23,68,1.3,2016-2021,1976,48,2015,"Originally constructed as lagoons in 1963, converted to activated sludge in 1976. Major upgrades in 1990 (expansion), 2006 (UV disinfection), and 2015 (headworks and aeration improvements).",,6d427270-f089-4abb-b999-1ae2645344c4
"Chertsey É tangs Aérés Construction - Professional Services for Tender Preparation, Cost Estimation, and Works Supervision",Chertsey - Quebec,Chertsey,Quebec,678237.53,CAD,,identified,95,Séance extraordinaire du conseil municipal de la Municipalité de Chertsey,2025-04-02,https://chertsey.ca/storage/app/media/municipalite/vie_democratique/proces-verbaux/2025/PV.-Extraordinaire-2-avril-2025.pdf,https://chertsey.ca/municipalite/vie-democratique/proces-verbaux,planning_stage,"The Municipality of Chertsey awarded a contract for professional engineering services related to the construction of aerated ponds (étangs aérés), which are typically used in wastewater treatment processes such as aerated lagoons for sewage treatment. No specific problem statement is detailed, but the project implies a need for new or upgraded wastewater treatment infrastructure, likely addressing capacity, treatment efficiency, or regulatory requirements through the development of aerated ponds",,,,1.7,2011-2021,,,,No verifiable data on construction or upgrade years found.,,27087fe5-8b28-4a36-885e-c3d07d038180
99 North Town Line East Functional Servicing Report,"Ingersoll, Town of - Ontario","Ingersoll, Town of",Ontario,625000,CAD,,identified,95,Regular Meeting of Council,2019-04-08,https://webresources.ingersoll.ca/documents/April-8-Regular-Council-Meeting-Agenda.pdf,http://www.ingersoll.ca/town-hall/council-agendas-and-minutes/,planning_stage,"Required Functional Servicing Report for proposed multi-use recreational facility, including assessment of private servicing suitability, sanitary servicing (sewer), water distribution, stormwater management, and grading. Potential for private package sewage treatment plant construction ($500,000-$750,000) with operation contracted to private operator, OCWA, or County.",,,,5.3,2016-2021,,,,,,57ce54cd-e405-46a9-9a13-5203767a0c5b
Prescott Water Treatment Plant Flood Protection - Shoreline Breakwall Rebuild,"Prescott, Town of - Ontario","Prescott, Town of",Ontario,390000,CAD,,identified,95,Prescott Town Council,2025-06-02,https://www.prescott.ca/media/kvinchw2/council-agenda-june-2-2025.pdf,https://www.prescott.ca/town-hall/agendas-minutes/,project_discussion,"The existing concrete wall providing shoreline protection in front of the Prescott Water Treatment Plant is at the end of its service life with significant erosion having occurred. High water levels a few years ago caused water to flow over the existing wall and pond into the grass south of the building foundation, posing health and safety risks and compromising flood protection for the water treatment facility. This project aims to rebuild the shoreline protection with a new breakwall similar i",1.5,0.74,49,-0.96,2016-2021,1981,43,2012,Aerated lagoon system originally commissioned 1981; major upgrades include UV disinfection in 2012 and headworks improvements around 2007-2015,,f77930c7-dc29-4df8-98a9-00e854ee3e89
"Alexandria Lagoon Treatment Facility Soil Pre-loading - Granular Material Supply Extension - Alexandria, Ontario","North Glengarry, Township of - Ontario","North Glengarry, Township of",Ontario,296480,CAD,,identified,95,Special Meeting of Council,2025-07-23,https://www.northglengarry.ca/media/2iwcgozq/07-23-2025-special.pdf,https://www.northglengarry.ca/government/council-meeting-information/,project_discussion,"The Alexandria Lagoon Treatment Facility is experiencing capacity constraints with average daily flows consistently exceeding the rated capacity of 3,237 m³/day, limiting growth and development in Alexandria. Geotechnical investigations have identified soft, compressible soils with low bearing capacity and high compressibility at the expansion site, posing risks to planned concrete structures, pumping stations, and underground piping systems, requiring preloading for ground improvement before co",,,,-0.55,2016-2021,,,,,,92db16c3-e40b-4798-a05d-8d445aa5cc05
Boisbriand Usine d’Épuration Système de Ventilation Réfection,Boisbriand - Quebec,Boisbriand,Quebec,251000,CAD,,identified,95,Séance ordinaire du conseil municipal de Boisbriand,2025-05-06,https://www.ville.boisbriand.qc.ca/storage/app/media/ville/vie-democratique/seances-du-conseil/PV/2025/2025-05-06_Seance-ordinaire.pdf,https://www.ville.boisbriand.qc.ca/conseil/proces-verbaux,project_discussion,"The Boisbriand wastewater treatment plant (usine d’épuration) requires refurbishment of its ventilation system. No specific problem statement or performance issues detailed in the minutes. No technical data such as flow rates, capacities, or contaminant levels provided. No regulatory context, violations, or deadlines mentioned. Facility is the municipal usine d’épuration serving Boisbriand, Quebec; existing processes not specified; proposed work is réfection du système de ventilation. Project sc",,,,4.9,2016-2021,,,,,,f8bc650c-7b9f-45fd-8a33-52bf0617ba92
"Boisbriand Usine d'Épuration Doors, Windows and Garage Doors Replacement - Boisbriand, QC",Boisbriand - Quebec,Boisbriand,Quebec,250000,CAD,,identified,95,Séance Ordinaire du Conseil Municipal de Boisbriand,2026-02-03,https://www.ville.boisbriand.qc.ca/storage/app/media/ville/vie-democratique/seances-du-conseil/ODJ/2026/2026-02-03_Seance-ordinaire.pdf,https://www.ville.boisbriand.qc.ca/conseil/proces-verbaux,project_discussion,"Budget of 250,000 CAD approved from accumulated surplus for replacement of doors, windows, and garage doors at the Usine d'épuration (wastewater treatment plant). This addresses building envelope maintenance at the WWTP under Service du génie. No specific problem like deterioration or leaks detailed. No technical data on plant capacity, flows (ML/day), treatment processes, effluent quality, contaminants (TP, NH3, BOD, TSS), population served, or infrastructure age. No regulatory drivers such as ",,,,1.47,2016-2021,,,,,,8a64518b-c0df-44d8-8996-0df1c5d9b304
Brownsburg-Chatham Usine d’Épuration Bardeau de Toiture Replacement and Solid Waste Management Budget Increase,Brownsburg-Chatham - Quebec,Brownsburg-Chatham,Quebec,158000,CAD,,identified,85,Conseil municipal de la Ville de Brownsburg-Chatham,2025-12-02,https://brownsburgchatham.ca/wp-content/uploads/2026/01/Proces-verbal_02-12-2025.pdf,https://brownsburgchatham.ca/ma-ville/vie-democratique/seances-du-conseil/,planning_stage,"The roof shingles (bardeau de la toiture) of the Brownsburg-Chatham usine d’épuration (wastewater treatment plant) are at the end of their life and pose a risk of damaging equipment inside the facility. Additional expenses have been incurred for the landfilling (enfouissement) of residual materials (matières résiduelles) and collection of bulky waste (ramassage des encombrants), exceeding budget forecasts. Higher costs for gravel road maintenance due to early winter, theft of signage, increased ",,,,1.62,2016-2021,,,,No verifiable data found from reliable public sources.,,310e7ef2-3788-44a6-821d-6037898f8504
Saint-Damase Wastewater - Sludge Disposal (Disposition des Boues),Saint-Damase - Quebec,Saint-Damase,Quebec,153982,CAD,,identified,85,Conseil de la Municipalité de Saint-Damase - Séance Ordinaire,2025-05-06,https://www.st-damase.qc.ca/wp-content/uploads/2025/05/Proces-verbal-manuscrit-6-mai.pdf,https://www.st-damase.qc.ca/proces-verbaux/,planning_stage,"Funding allocated for sludge disposal (disposition des boues), likely related to WWTP operations. No specific problem statement, performance issues, or violations detailed. No flows, capacities, contaminant levels, or population data provided. No regulations or deadlines mentioned. Associated with Station d'épuration; current processes unknown. No scope, timeline, or proposed solutions specified. Approved surplus transfer of 153,982 CAD indicates funded project for sludge handling or disposal im",,,,1.03,2016-2021,,,,,,2f6e069b-911d-4e07-893d-4cc017a09c36
Boisbriand Usine d’Épuration Système d’Air Climatisé et Chauffe-Eau Remplacement,Boisbriand - Quebec,Boisbriand,Quebec,140000,CAD,,identified,95,Séance ordinaire du conseil municipal de Boisbriand,2025-05-06,https://www.ville.boisbriand.qc.ca/storage/app/media/ville/vie-democratique/seances-du-conseil/PV/2025/2025-05-06_Seance-ordinaire.pdf,https://www.ville.boisbriand.qc.ca/conseil/proces-verbaux,project_discussion,"The Boisbriand wastewater treatment plant (usine d’épuration) requires replacement of the air conditioning system and water heater. No specific problem statement, failures, or violations detailed. No technical data including flows, capacities, contaminants, population served, or infrastructure age mentioned. No regulatory context or deadlines provided. Facility details: municipal usine d’épuration; existing treatment processes not specified; proposed solution is replacement of système d’air clim",,,,1.15,2016-2021,,,,,,c40861ce-b011-4fff-98b0-2c0a4994e374
Prescott Water Treatment Plant Generator Replacement,"Prescott, Town of - Ontario","Prescott, Town of",Ontario,130000,CAD,,identified,90,Prescott Town Council,2025-06-02,https://www.prescott.ca/media/kvinchw2/council-agenda-june-2-2025.pdf,https://www.prescott.ca/town-hall/agendas-minutes/,planning_stage,"The backup generator at the Prescott Water Treatment Plant, installed in 1984, is at the end of its useful service life with OCWA staff facing difficulties sourcing parts for rehabilitation. Identified in OCWA's 10-year capital requirements plan for the Water Treatment Plant. Replacement of the generator and controller estimated at $100,000, plus $30,000 for installation, programming, and on-site modifications for water cooling, totaling $130,000 budget. Project not yet approved for a specific b",,,,0.22,2016-2021,,,,"WWTP described as lagoon/facultative system with upgrades, but no verified years found.",,83112a61-58ff-4f3e-b920-d49cc4f2f37c
"Wellington Wastewater Treatment Plant Replacement - 461 Wellington Main Street, Prince Edward County","Prince Edward, County of - Ontario","Prince Edward, County of",Ontario,126297,CAD,,identified,75,,,https://www.thecounty.ca/government/municipal-projects/special-capital-projects/wellington-wastewater-treatment-plant-class-environmental-assessment/,https://www.thecounty.ca/government/council-committee-meetings/,planning_stage,"The existing Wellington Wastewater Treatment Plant requires replacement due to current capacity limitations and to accommodate projected growth in the area, as identified in the 2021 Wellington Master Servicing Plan for Water, Wastewater and Stormwater. No specific current performance numbers, flow rates, capacities, contaminant levels, population served, or infrastructure age are provided. The new wastewater treatment plant will be built within the property boundaries of the existing site. The ",1.51,0.85,56,0.68,2016-2021,1983,41,2016,"Picton WWTP originally expanded/commissioned 1983; major upgrades 1995, 2006, 2016 (tertiary treatment)",,c0f0f70c-1611-4821-87ae-237d2e0474b0
"Station d'épuration Village - Brigham, QC - Pump, Generator, and Electricity Replacement",Brigham - Quebec,Brigham,Quebec,64000,CAD,,identified,95,Conseil de la Municipalité de Brigham,2018-01-25,https://brigham.ca/wp-content/uploads/2018-Procès-verbaux.pdf,https://brigham.ca/proces-verbaux/,project_discussion,"The Station d'épuration Village requires replacement of the pump, generator, and electrical systems, suggesting infrastructure deficiencies or end-of-life equipment in the village wastewater treatment station. No problem statement details like failures, performance metrics, or violations provided. No technical data on flows, capacities, contaminants (e.g., TP, NH3, BOD), population served, or infrastructure age. No regulatory drivers, deadlines, or agencies noted. Facility serves Secteur Village",,,,0.44,2016-2021,,,,,,45803e24-a1ff-44fe-8d66-b9046e36715f
Emo Water Treatment Plant Wastewater Storage Tank and Pump Out System Engineering Design,"Emo, Township of - Ontario","Emo, Township of",Ontario,53063.26,CAD,,identified,95,Regular Council Meeting of the Corporation of the Township of Emo,2024-03-12,https://emo.ca/wp-content/uploads/2024/04/6-March-12-2024-Regular-Council-Meeting-Minutes.pdf,https://emo.ca/agendas-minutes/,planning_stage,"Council reviewed and defeated a quotation from S. Burnett and Associates (File No. M24004) for the Water Treatment Plant Wastewater Tank Design in the amount of $53,063.26 including HST. Following the defeat, Council directed administration to obtain quotes specifically from Hatch, Burnside, and TBT Engineering for the Water Treatment Plant Storage Tank and Pump Out System. No specific problem statement, current performance issues, violations, or technical data such as flows, capacities, contami",,,,-0.81,2016-2021,,,,,,71f19a19-5ec4-4f42-a22c-468775de67ed
Usine d'épuration Brigham - Valve Replacement,Brigham - Quebec,Brigham,Quebec,50000,CAD,,identified,95,Conseil de la Municipalité de Brigham,2018-01-25,https://brigham.ca/wp-content/uploads/2018-Procès-verbaux.pdf,https://brigham.ca/proces-verbaux/,project_discussion,"The Usine d'épuration (wastewater treatment plant) in Brigham requires replacement of valves, indicating maintenance needs or failures in critical control components for wastewater treatment. No specific issues, performance data (flows in ML/day, capacities, contaminants like BOD/TSS, violations), population, or age detailed. No regulatory context provided. Facility is the main wastewater treatment plant; existing processes unknown, proposed solution is valve replacement. Scope budgeted at 50,00",,,,0.44,2016-2021,,,,,,53d48f54-2ae2-45ab-b567-b2c1c4fd4340
"Station d'épuration Lacroix - Brigham, QC - Pump, Generator, and Electricity Replacement",Brigham - Quebec,Brigham,Quebec,49000,CAD,,identified,95,Conseil de la Municipalité de Brigham,2018-01-25,https://brigham.ca/wp-content/uploads/2018-Procès-verbaux.pdf,https://brigham.ca/proces-verbaux/,project_discussion,"The Station d'épuration Lacroix requires replacement of the pump, generator, and electrical systems, indicating aging or failing infrastructure necessitating upgrades for reliable wastewater treatment operations. No specific performance numbers, violations, or current vs. required contaminant levels are mentioned. No regulatory context, permits, deadlines, or agencies are detailed. The facility is the Lacroix wastewater treatment station serving the Secteur Lacroix area in Brigham, Quebec, inclu",,,,0.45,2016-2021,,,,,,497df1fe-f1b3-413e-abd3-b7d48c213000
"Usine d'Épuration - 150 Rue Chauvin, Boisbriand - Remplacement du Dégrilleur (Déplacement du Branchement de Gaz Naturel)",Boisbriand - Quebec,Boisbriand,Quebec,30000,CAD,,identified,95,Séance Ordinaire du Conseil Municipal,2025-08-19,https://www.ville.boisbriand.qc.ca/storage/app/media/ville/vie-democratique/seances-du-conseil/PV/2025/2025-08-19_Seance-ordinaire.pdf,https://www.ville.boisbriand.qc.ca/conseil/proces-verbaux,project_discussion,"The replacement works for the bar screen (dégrilleur) at the wastewater treatment plant (usine d'épuration) located at 150 Rue Chauvin require the displacement of the natural gas connection, which is impacting the critical project timeline and must be completed prior to the main replacement works. Énergir estimates the cost of the gas branch displacement at 27 525,03 $ plus applicable taxes, with a realization delay of six weeks following city approval of costs. The city is appropriating 30 000 ",,,,1.6,2016-2021,,,,,,c96d7925-21c7-4350-a724-c965245f66c5
Cobalt Water Treatment Plant Upgrade Project,"Cobalt, Town of - Ontario","Cobalt, Town of",Ontario,27800,CAD,,identified,100,Regular Council Meeting,2025-06-24,https://cobalt.ca/wp-content/uploads/2025/06/Cobalt-Agenda-Package-June-24-2025.pdf,https://cobalt.ca/residents/mayor-council/,project_discussion,"OCWA has identified required upgrades to the Cobalt Water Treatment Plant at an approximate cost of $27,800. The project qualifies to be funded through the Canadian Community Building Fund. Council approved an amendment to the 2025 Capital Budget to include this project, increasing the total capital budget to $388,242.91.",,,,-0.1,2016-2021,,,,,,5ba353e8-9bfa-442b-ac97-c13f7818e108
"WTP Master Control Center - Pickle Lake WTP, ON - Replacement","Pickle Lake, Township of - Ontario","Pickle Lake, Township of",Ontario,25440,CAD,,identified,70,,,https://picklelake.ca/wp-content/uploads/2012/05/AMP-APPENDIX-A-DETAILED-LIST-OF-CAPITALPROJECTS-Pickle-Lake-Final-20140530.pdf,https://picklelake.ca/municipal-office/,planning_stage,"Master Control Center at Pickle Lake WTP (Asset ID MCC-600 -WTP). No specific problems or technical details like capacity or water quality parameters. Water treatment plant upgrade. Cost $25,440, proposed July 1, 2020.",,,,-4.5,2016-2021,,,,"WWTP is a lagoon system, but no verified dates found.",,c7c3247b-dbac-4c90-92c6-980beaa21524
Radiator Replacement for WTP Generator,"Moosonee, Town of - Ontario","Moosonee, Town of",Ontario,16240.07,CAD,,identified,95,"Special Meeting #27-2025, Town Council",2025-12-19,https://www.moosonee.ca/wp-content/uploads/2025/12/AGENDA-PACKAGE-FOR-SPECIAL-COUNCIL-MEETING-December-19-2025.pdf,https://www.moosonee.ca/meeting-agendas/,project_discussion,"Briefing note and motion to approve purchase of custom radiator replacement, coolant, labor, and travel for repair of generator (Model 230 DSE DD) at the Water Treatment Plant (WTP), due to OEM radiator no longer available. Quote from Toromont Industries Ltd.",,,,0.93,2016-2021 (annualized),,,,,,e22f6e2d-f81d-46c6-8b26-93c6e45db2e8
"WTP Auto Dialer - Pickle Lake Water Treatment Plant, ON - Replacement","Pickle Lake, Township of - Ontario","Pickle Lake, Township of",Ontario,7123,CAD,,identified,70,,,https://picklelake.ca/wp-content/uploads/2012/05/AMP-APPENDIX-A-DETAILED-LIST-OF-CAPITALPROJECTS-Pickle-Lake-Final-20140530.pdf,https://picklelake.ca/municipal-office/,planning_stage,"Auto Dialer at WTP on 3 Trailer Park (Loop) Road (Asset ID AD-10 -WTP) for replacement. Location: Pickle Lake WTP. No performance issues or data provided. Part of water treatment plant equipment. Cost $7,123, proposed July 1, 2020.",,,,-2.4,2011-2021,,,,"No verifiable data found from reliable public sources such as municipal websites, MECP environmental compliance approvals, or asset management plans.",,4a4c1196-8d8e-450d-96dd-db652041f048
Carleton-sur-Mer Étangs Aérés #1 Vidange des Boues Assistance et Planification,Carleton-sur-Mer - Quebec,Carleton-sur-Mer,Quebec,6450,CAD,,identified,95,Séance ordinaire du conseil municipal de la Ville de Carleton-sur-Mer,2024-11-11,https://carletonsurmer.com/wp-content/uploads/2025/01/Proces-verbal-20241111.pdf,https://carletonsurmer.com/gouvernance-municipale/seances-conseil-municipal/,planning_stage,"The City of Carleton-sur-Mer must plan the vidange (emptying) of sludge from aerated pond #1 to comply with conditions in their wastewater treatment attestation d’assainissement. The attestation was received on December 18, 2023, effective January 1, 2024, and includes a programme correcteur requiring sludge removal, with a plan d'action produced in summer 2024 by Écho-Tech H2O following sludge measurements in the aerated ponds. No specific performance numbers, flow rates, capacities, or contami",,,,-0.82,2016-2021,,,,No verifiable data found on specific WWTP construction or upgrade history from municipal or provincial sources.,,1bea4fe8-2c08-4f95-963f-bd47e004dee9
"WWTP Chart Recorder - Flow Measurement - Pickle Lake WWTP, ON - Replacement","Pickle Lake, Township of - Ontario","Pickle Lake, Township of",Ontario,6207,CAD,,identified,70,,,https://picklelake.ca/wp-content/uploads/2012/05/AMP-APPENDIX-A-DETAILED-LIST-OF-CAPITALPROJECTS-Pickle-Lake-Final-20140530.pdf,https://picklelake.ca/municipal-office/,planning_stage,"Chart Recorder for Flow Measurement at WWTP Main Administration Building (Asset ID WPCP2313 -WWTP). Wastewater treatment plant equipment. No flow rates, effluent data, or violations mentioned. Cost $6,207, proposed July 1, 2016.",,,,-5.3,2016-2021,,,,,,c1063f99-3204-412e-95a5-a70781e2df96
Schefferville New Wastewater Treatment Plant - Land Acquisition for Aerated Lagoons (Lots 6 560 985 and 6 560 986),Schefferville - Quebec,Schefferville,Quebec,1284.27,CAD,,identified,95,,2025-09-16,https://schefferville.ca/wp-content/uploads/2025/10/2025-09-45-Cession-de-terrains-par-le-MRNF-signed.pdf,https://schefferville.ca/administration/ordonnances-reglements/,planning_stage,"The City of Schefferville requires acquisition of lots 6 560 985 and 6 560 986 from MRNF to construct aerated lagoons for a new wastewater treatment plant (usine de traitement des eaux usées), as previous cessions were granted in 2023 but delayed due to notary issues (Notaire Maginzi ceased practice); a final reminder letter was received in May, and extension granted with new notary Valérie Roy instructed to proceed. No specific performance issues or violations mentioned, but land is essential f",,,,-2.7,2016-2021,,,,,,7ec8a84e-6b25-4a3f-913a-6d6c1afa7a33
"Domaine Escapad Station de Traitement des Eaux Usées Lot 6 491 686 and Poste de Pompage des Eaux Usées Lot 6 498 414 Acquisition with Aqueduc and Égout Sanitaire Servitudes - Adstock, Quebec",Adstock - Quebec,Adstock,Quebec,,CAD,,identified,95,Conseil de la Municipalité d'Adstock,2024-11-11,https://www.adstock.ca/wp-content/uploads/2025/01/2024-11-11.pdf,https://www.adstock.ca/vie-municipale/seances-du-conseil/,project_discussion,"The Municipality of Adstock approved the acquisition of key wastewater treatment, pumping, water distribution, and sanitary sewer infrastructure from the Domaine Escapad developer. No specific problem statement such as failures, violations, or complaints is mentioned. No technical data provided including flow rates, capacities (hydraulic or organic), contaminant levels (TP, TN, NH3-N, BOD, TSS, COD, E. coli, etc.), population served, infrastructure age, or current treatment processes. No regulat",,,,1.1,2016-2021,,,,No verifiable data found on WWTP construction or upgrade history.,,03cd1e81-f4e4-4e88-bb21-bd5b2e430d78
Amendment to Development Charges By-law No. 7175 - Water and Wastewater Treatment and Network Infrastructure,City of Brandon - Manitoba,City of Brandon,Manitoba,,CAD,,identified,95,City Council,2025-01-20,https://www.brandon.ca/media/1hzf4qio/minutes-january_20_2025.pdf,https://www.brandon.ca/city-hall/agendas-and-minutes,planning_stage,By-law No. 7406 to amend development charges for water and wastewater treatment and network infrastructure to fund growth-related upgrades. By-law amended and held in abeyance pending Public Utilities Board approval.,20.3,12.5,62,1,2016-2021,1972,52,2016,Original commissioning around 1972 per city historical docs; major upgrades including UV and biosolids in mid-2010s.,,a22295e7-9c39-406c-9e11-575a1c05e404
New Water Treatment Plant,Rural Municipality of Springfield - Manitoba,Rural Municipality of Springfield,Manitoba,,CAD,,identified,95,Committee of the Whole,2023-11-14,https://springfield.municipalwebsites.ca/ckfinder/connector?command=Proxy&lang=en&type=Files&currentFolder=%2F&hash=c245c263ce0eced480effe66bbede6b4d46c15ae&fileName=November%2014%2C%202023%20Committee%20of%20the%20Whole.pdf,https://www.rmofspringfield.ca/p/meeting-minutes,planning_stage,"Councillors discussed a new water treatment plant intended for new construction and new connections only. Administration is continuing to work on funding details, with no specifics available yet for public presentation. Open houses are planned, and concerns raised about financial impacts on residents.",,,,2.46,2016-2021,,,,"Lagoon system mentioned in municipal documents, but no specific years verified.",,cfa72819-9193-42ba-8fa0-6d8eb621c097
Boisbriand Usine d’Épuration Dégrilleur et Collecteur d’Entrée Replacement,Boisbriand - Quebec,Boisbriand,Quebec,,CAD,,identified,95,Séance ordinaire du Conseil municipal de la Ville de Boisbriand,2026-01-20,https://www.ville.boisbriand.qc.ca/storage/app/media/ville/vie-democratique/seances-du-conseil/ODJ/2026/2026-01-20_Seance-ordinaire.pdf,https://www.ville.boisbriand.qc.ca/conseil/proces-verbaux,project_discussion,"The council is adopting Règlement RV-1782 decreeing works to replace the bar screen (dégrilleur) and the inlet collector at the entrance of the usine d’épuration (wastewater treatment plant) and authorizing borrowing for this purpose. This signals an approved infrastructure replacement project at the WWTP headworks. No problem statement details issues like equipment failure, blockages, or maintenance problems. No technical data such as flow rates (ML/day), capacities, or age of infrastructure is",,,,0.57,2016-2021 (annualized CAGR),,,,No verifiable data on construction or upgrade years found.,,b4e9573d-307c-444b-94bf-694f4508c693
Châteauguay Modernisation des Infrastructures - Séparation des Réseaux Unitaires et Agrandissement de l’Usine d’Eau Potable,Châteauguay - Quebec,Châteauguay,Quebec,,CAD,,identified,95,Séance Ordinaire du Conseil Municipal de la Ville de Châteauguay,2025-03-17,https://ville.chateauguay.qc.ca/wp-content/uploads/2025/03/V1_2025-03-17_ODJ.pdf,https://ville.chateauguay.qc.ca/affaires-municipales/seances-du-conseil/,planning_stage,"Authorization to submit a funding application to the Fonds canadien pour les infrastructures reliés aux logements (FCIL) - Volet de prestation directe for the project titled 'Modernisation des infrastructures de Châteauguay : séparation des réseaux unitaires pour optimiser la gestion des eaux usées, agrandissement de l’usine d’eau potable pour soutenir le développement et assurer l’efficacité des services en vue de la densification et de la création de nouveaux logements'. This addresses key was",,,,2.1,2016-2021,,,,,,93835c6d-9fc7-43f9-b55b-cb9d49985103
Dalewood Water Reclamation Facility,"Elgin, County of - Ontario","Elgin, County of",Ontario,,CAD,2029-01-01T00:00:00+00:00,identified,95,Council Meeting,2025-09-23,https://www.elgincounty.ca/2025/09/from-the-council-chambers-september-23-2025/,https://www.elgincounty.ca/your-government/council-committees-of-council-minutes-agendas/,planning_stage,"Long-term investment in a new Dalewood Water Reclamation Facility, expected in 2029, to provide wastewater treatment capacity and resiliency for future growth.",,,,0.6,2016-2021,,,,No verifiable data found on construction or upgrade years for county-level WWTP.,,e719ef2f-e9b5-4ca3-ab93-859972631c57
Water Treatment Plant Storage Tank and Pump Out System Engineering,"Emo, Township of - Ontario","Emo, Township of",Ontario,,CAD,,identified,95,Regular Council Meeting,2024-03-12,https://emo.ca/wp-content/uploads/2024/04/6-March-12-2024-Regular-Council-Meeting-Minutes.pdf,https://emo.ca/agendas-minutes/,planning_stage,"Council defeated a quotation from S. Burnett and Associates for Water Treatment Plant Wastewater Tank Design ($53,063.26) and directed administration to obtain quotes from Hatch, Burnside, and TBT Engineering for the Water Treatment Plant Storage Tank and Pump Out System.",,,,2.8,2016-2021,,,,,,a53fc2b3-a319-44d7-a223-41151fa82ae4
Environmental Centre RBC Inspections & Rehabilitation of Floc Recirculators,"Macdonald, Meredith and Aberdeen Additional, Township of - Ontario","Macdonald, Meredith and Aberdeen Additional, Township of",Ontario,,CAD,,identified,95,"Township of Macdonald, Meredith & Aberdeen Additional Council",2025-08-19,https://echobay.ca/wp-content/uploads/2025/08/August-19-2025-Agenda.pdf,https://echobay.ca/council-minutes/,project_discussion,"Discussion of RFQ results and recommendation from KEC for inspections and rehabilitation of Rotating Biological Contactors (RBC) and floc recirculators at the Environmental Centre, which pertains to wastewater treatment infrastructure.",,,,4.72,2016-2021,,,,,,967f22e5-ee1f-4efb-9f07-c530fe01e742
2025 Sewer & Water Capital Projects,"Macdonald, Meredith and Aberdeen Additional, Township of - Ontario","Macdonald, Meredith and Aberdeen Additional, Township of",Ontario,,CAD,,identified,95,Special Council Meeting,2025-04-29,https://echobay.ca/wp-content/uploads/2025/05/April-29-2025-Special-Minutes.pdf,https://echobay.ca/council-minutes/,planning_stage,"Review of Water & Sewer Surplus Summary including capital items for 2025: interior and exterior coating of the water tower, SCADA upgrade at the WTP (Water Treatment Plant), and WTP Floc re-circulators. Referenced again in 2025 Budget discussion as planned capital expenditures.",,,,0.87,2016-2021,,,,No verifiable data found on WWTP construction or upgrade history.,,1d819265-d4f6-4ae4-a83d-5dfaf4ddd1f7
Alexandria Lagoon Expansion Project PW-1006 - Township of North Glengarry,"North Glengarry, Township of - Ontario","North Glengarry, Township of",Ontario,,CAD,,identified,95,Regular Meeting of Council,2026-01-12,https://www.northglengarry.ca/media/y0wk4jjv/01-26-2025-reg-package.pdf,https://www.northglengarry.ca/government/council-meeting-information/,project_discussion,"The Alexandria Lagoon Expansion project (PW-1006) involves contractor prequalification for expansion works at the wastewater lagoon facility in Alexandria, Ontario. Council approved the prequalification recommendations from consultant EVB Engineering Inc. and authorized the competitive bidding process with five pre-qualified contractors, indicating an upcoming procurement opportunity for construction or expansion services related to the lagoon, likely addressing capacity or treatment needs in th",0.475,0.29,61,-0.21,2016-2021,1981,43,2016,Alexandria WWTP originally commissioned ~1981; major upgrades in 2011 (headworks) and 2016 (lagoon liner). Age as of 2024.,,e454d7ec-c1b3-4a47-babe-e86ec68e85e1
Mount Elgin Wastewater System Phases 3 and 4 Upgrades - Township of South-West Oxford,"South-West Oxford, Township of - Ontario","South-West Oxford, Township of",Ontario,,CAD,,identified,95,Regular Council Meeting,2026-01-20,https://www.swox.org/media/osghqhf1/2026-01-20-council-minutes.pdf,https://www.swox.org/township-services/council/agendas-and-minutes,project_discussion,"Council discussed the status of the previously approved Mount Elgin wastewater system upgrades. Engineer Don Ford is proceeding with the project, anticipating construction to begin this summer (2026). The Ministry of the Environment must be formally notified before any work can commence, indicating a regulatory requirement for approval or notification prior to construction. Construction of Phases 3 and 4 of the wastewater system is expected to take place this summer, pending completion of the re",,,,1.15,2011-2021,,,,,,1975b5c5-fe08-49ec-857d-004bb6c0e367
New Liskeard Lagoon Capacity Needs Study - City of Temiskaming Shores,"Temiskaming Shores, City of - Ontario","Temiskaming Shores, City of",Ontario,,CAD,,identified,95,Committee of the Whole,2025-01-21,https://www.temiskamingshores.ca/media/esgnir5l/4-a-2025-01-21-cow-agenda-package.pdf,https://www.temiskamingshores.ca/city-hall/mayor-council/council-meetings/,planning_stage,"The New Liskeard Lagoon faces capacity constraints prompting a Capacity Needs Study currently being conducted by EXP consultants. No specific current performance numbers versus requirements are provided, but the study aims to quantify capacity needs for future expansion or upgrades. No flow rates, contaminant levels, population served, infrastructure age, or treatment processes detailed in the minutes. The study supports a funding application to the Federal Government’s Canada Housing Infrastruc",,,,-0.3,2016-2021,,,,,,f9c18bb9-b46e-45bf-b0ac-3f9996ae3303
"Usine d'Épuration Épaississeur Diverses Pièces Réfection - Boisbriand, Quebec",Boisbriand - Quebec,Boisbriand,Quebec,,CAD,,identified,90,Séance ordinaire du Conseil municipal de la Ville de Boisbriand,2025-12-02,https://www.ville.boisbriand.qc.ca/storage/app/media/ville/vie-democratique/seances-du-conseil/ODJ/2025/2025-12-02_Seance-ordinaire.pdf,https://www.ville.boisbriand.qc.ca/conseil/proces-verbaux,planning_stage,"The City of Boisbriand plans refurbishment works for various pieces of the épaississeur (thickener) at the usine d'épuration (wastewater treatment plant). No explicit problem statement details what's failing, such as mechanical breakdowns, performance deficiencies, or process upsets in the thickening process. No performance numbers versus requirements, effluent violations, capacity problems, or operational challenges like sludge handling issues are mentioned. No technical data on plant flow rate",,,,1.14,2016-2021,,,,,,df2fefc4-0abd-453d-86d4-9c1ed6f395db
Boisbriand Usine d’Épuration Système de Traitement des Boues Mise à Niveau,Boisbriand - Quebec,Boisbriand,Quebec,,CAD,,identified,90,Séance ordinaire du Conseil municipal de la Ville de Boisbriand,2026-01-20,https://www.ville.boisbriand.qc.ca/storage/app/media/ville/vie-democratique/seances-du-conseil/ODJ/2026/2026-01-20_Seance-ordinaire.pdf,https://www.ville.boisbriand.qc.ca/conseil/proces-verbaux,project_discussion,"The municipal council is adopting Règlement RV-1747-1, which modifies Règlement RV-1747 to decree works for upgrading the sludge treatment system and authorizes borrowing for this purpose. This indicates an approved capital project for improving sludge handling at the wastewater treatment plant. No specific problem statement, such as performance failures or violations, is detailed in the agenda. No technical data like flow rates, capacities, contaminant levels, population served, or infrastructu",,,,1.37,2016-2021,,,,,,bc3ade29-de7e-4513-9987-cbf2fcf8bb36
Environmental Assessment: Stayner Sanitary Servicing,"Clearview, Township of - Ontario","Clearview, Township of",Ontario,,CAD,,identified,90,,,https://www.clearview.ca/news-events-meetings/subscribe/council-committee-meetings,https://www.clearview.ca/government-committees/council/agenda-minutes,planning_stage,"Environmental assessment for Stayner sanitary servicing, focused on wastewater treatment, sewage systems, and related infrastructure upgrades.",0.845,0.515,61,0.52,2016-2021,1981,43,2007,"Stayner WWTP originally commissioned ~1975-1981; major upgrades 1995, 2007; current age as of 2024",,03b18c8f-afaf-4de9-ab56-a0db98becc14
HEWSF Intake II – Rehabilitation of Emo ETP Sewer Works,"Emo, Township of - Ontario","Emo, Township of",Ontario,,CAD,,identified,90,Emo Municipal Council,2025-02-11,https://emo.ca/wp-content/uploads/2025/02/2-February-11-2025-Regular-Council-Meeting-Agenda.pdf,https://emo.ca/agendas-minutes/,project_discussion,"Staff report on HEWSF Intake II related to the rehabilitation of Emo ETP (likely Effluent Treatment Plant) Sewer Works, indicating a wastewater infrastructure upgrade project.",,,,3.5,2016-2021,,,,,,b5efbf0f-5bfe-43bd-bbe6-2508286380f4
Bruce Power Water Supply and KWTP Intake Replacement,"Kincardine, Municipality of - Ontario","Kincardine, Municipality of",Ontario,,CAD,,identified,90,Council,2025-10-08,https://www.kincardine.ca/media/tfhpjdk5/2022-2026-council-declaration-of-interest.pdf,https://www.kincardine.ca/our-services/council-and-meetings/,project_discussion,"Council discussion on the water supply agreement with Bruce Power, including the replacement of the intake at the Kincardine Water Treatment Plant (KWTP), indicating a planned water infrastructure upgrade project likely requiring procurement for engineering, construction, or related services.",4.76,2.36,50,0.83,2016-2021,1978,46,2002,Original construction 1978; major expansion 2002. Age from built year to 2024.,,7110cc11-1f1b-4df4-8e2a-c4a53900474c
OCWA Service Agreement Renewal,"Macdonald, Meredith and Aberdeen Additional, Township of - Ontario","Macdonald, Meredith and Aberdeen Additional, Township of",Ontario,,CAD,,identified,90,Regular Council,2025-11-18,https://echobay.ca/wp-content/uploads/2025/12/November-18-2025-Minutes.pdf,https://echobay.ca/council-minutes/,planning_stage,"Upcoming renewal of the service agreement with OCWA (Ontario Clean Water Agency), likely for water and/or wastewater treatment services. Council discussed changes in management, met the new manager, and plans to work with Kresin Engineering to eliminate ambiguities in future contracts and incorporate Asset Management O. Reg. compliance.",,,,1.16,2016-2021,,,,,,c3290034-67f1-4b5f-9a45-334b5fc5ab77
Sewer & Water Project Plans for 2025,"Macdonald, Meredith and Aberdeen Additional, Township of - Ontario","Macdonald, Meredith and Aberdeen Additional, Township of",Ontario,,CAD,,identified,90,Special Council Meeting,2025-04-29,https://echobay.ca/wp-content/uploads/2025/04/April-29-2025-Special-Agenda.pdf,https://echobay.ca/council-minutes/,planning_stage,"Review of Water & Sewer Surplus Summary as part of planning for 2025 sewer and water projects, including potential infrastructure upgrades or developments in wastewater treatment, water treatment, and related systems.",,,,4.9,2016-2021,,,,,,b51dd6e6-20f0-4b36-a131-43d2c6d4c3e2
Water Treatment Plant (WTP) Estimates,"Mattice-Val CÃ´tÃ©, Township of - Ontario","Mattice-Val CÃ´tÃ©, Township of",Ontario,,CAD,,identified,90,Regular Council Meeting,2024-09-03,https://www.matticevalcote.ca/en/_files/ugd/93a5a9_69aae1eaa6754256973ba39cd21966fb.pdf,https://www.matticevalcote.ca/en/conseil-municipal,planning_stage,CAO's report on Community Hall and WTP estimates. KM Renovation to visit the WTP before a decision is made regarding the work or estimates.,,,,-1.8,2016-2021,,,,,,931e10b0-bc1e-47ab-8530-a31af48d751f
"WTP Water Tower Interior Recoating, Exterior Painting, SCADA System Update, and Intake/Reservoir/Pump Wells Inspection - Township of Macdonald, Meredith & Aberdeen Additional","Macdonald, Meredith and Aberdeen Additional, Township of - Ontario","Macdonald, Meredith and Aberdeen Additional, Township of",Ontario,,CAD,,identified,90,"Regular Council Meeting, Township of Macdonald, Meredith & Aberdeen Additional",2025-04-01,https://echobay.ca/wp-content/uploads/2025/05/April-1-2025-Minutes.pdf,https://echobay.ca/council-minutes/,project_discussion,"Kresin Engineering presented a comprehensive condition review of the Water Treatment Plant (WTP) and Sewage Treatment Plant (STP), highlighting several urgent items that must be addressed within the current fiscal year due to structural and maintenance deficiencies. The water tower requires interior recoating and exterior painting to prevent further corrosion, indicating ongoing deterioration of the infrastructure. The SCADA system at the WTP needs updating, suggesting it is outdated and potenti",,,,-1.4,2016-2021,,,,,,6f461a03-c543-4def-9dd9-c76c922bfc05
By-law No. 7406 - Amendments to Development Charges By-law No. 7175 for Water and Wastewater Infrastructure,City of Brandon - Manitoba,City of Brandon,Manitoba,,CAD,,identified,85,City Council,2025-06-09,https://www.brandon.ca/media/fhmhadfk/minutes-june-9-2025.pdf,https://www.brandon.ca/city-hall/agendas-and-minutes,planning_stage,"Amendments to Development Charges By-law to establish new DC rates for water and wastewater treatment and network infrastructure, including phasing in rates for high-density developments over three years to support capital costs related to growth. Discussed in Audit and Finance Committee and public hearing concluded.",4.76,3.83,80,1,2016-2021,2001,23,2014,Original lagoon system from 1970s upgraded to mechanical plant in 2001; major expansion 2014,,c3a2670e-fe16-4ef5-90b9-33f2d9a97d7d
Boisbriand Usine d’Épuration Ventilation System Refurbishment,Boisbriand - Quebec,Boisbriand,Quebec,,CAD,,identified,85,Séance ordinaire du Conseil municipal de Boisbriand,2025-05-06,https://www.ville.boisbriand.qc.ca/storage/app/media/ville/vie-democratique/seances-du-conseil/ODJ/2025/2025-05-06_Seance-ordinaire.pdf,https://www.ville.boisbriand.qc.ca/conseil/proces-verbaux,project_discussion,"The Boisbriand wastewater treatment plant (usine d’épuration) requires refurbishment of its ventilation system. No specific problem statement details such as failures or performance issues are provided in the agenda item. No technical data including flow rates, capacities, contaminant levels, population served, or infrastructure age is mentioned. No regulatory context, permit violations, or deadlines are specified. The facility is the municipal usine d’épuration, with existing treatment processe",,,,0.9,2016-2021,,,,,,9d12b006-0a48-4094-85b2-0e73e7705909
Boisbriand Usine d’Épuration Air Conditioning and Water Heater Replacement,Boisbriand - Quebec,Boisbriand,Quebec,,CAD,,identified,85,Séance ordinaire du Conseil municipal de Boisbriand,2025-05-06,https://www.ville.boisbriand.qc.ca/storage/app/media/ville/vie-democratique/seances-du-conseil/ODJ/2025/2025-05-06_Seance-ordinaire.pdf,https://www.ville.boisbriand.qc.ca/conseil/proces-verbaux,project_discussion,"The Boisbriand wastewater treatment plant (usine d’épuration) requires replacement of the air conditioning system and water heater. No specific problem statement such as breakdowns, performance failures, or violations is detailed. No technical data like flow rates (ML/day), capacities, contaminant levels (e.g., TP, NH3, BOD), population served, or infrastructure age is provided. No regulatory context, compliance deadlines, or agency orders mentioned. Facility details include the municipal WWTP w",,,,1.05,2016-2021,,,,,,079c81c5-39f3-419a-9b65-dd216ce3158d
Boisbriand Usine d'Épuration Air Conditioning and Chauffe-Eau Replacement,Boisbriand - Quebec,Boisbriand,Quebec,,CAD,,identified,85,Séance Ordinaire du Conseil Municipal,2025-04-01,https://www.ville.boisbriand.qc.ca/storage/app/media/ville/vie-democratique/seances-du-conseil/ODJ/2025/2025-04-01_Seance-ordinaire.pdf,https://www.ville.boisbriand.qc.ca/conseil/proces-verbaux,planning_stage,"Notice of motion and deposit of Bylaw RV-1778 to authorize replacement works of the air conditioning system and chauffe-eau (water heater) at the Usine d'Épuration wastewater treatment plant, financed by loan. No problem statement detailing what's broken, performance numbers, or violations provided. No technical data such as flows (ML/day), capacities, contaminants (P, N, BOD/TSS), or plant details mentioned. No regulatory drivers, deadlines, or permits specified. Facility is Boisbriand's WWTP; ",,,,1.41,2016-2021,,,,,,a740d242-e4ae-4ef7-b161-a11ef4dab321
Boisbriand Usine d'Épuration Ventilation System Réfection,Boisbriand - Quebec,Boisbriand,Quebec,,CAD,,identified,85,Séance Ordinaire du Conseil Municipal,2025-04-01,https://www.ville.boisbriand.qc.ca/storage/app/media/ville/vie-democratique/seances-du-conseil/ODJ/2025/2025-04-01_Seance-ordinaire.pdf,https://www.ville.boisbriand.qc.ca/conseil/proces-verbaux,planning_stage,"The Boisbriand municipal council has issued a notice of motion and deposited Bylaw RV-1777 to authorize refection works on the ventilation system at the Usine d'Épuration (wastewater treatment plant) and finance it through a loan. No specific problem statement such as failures, performance issues, or violations was detailed. No technical data including flow rates, capacities, contaminant levels (e.g., TP, NH3, BOD), population served, or infrastructure age was mentioned. No regulatory context, p",,,,1.29,2016-2021,,,,No verifiable data on construction or upgrade years found.,,b5ebcaea-6e97-4b26-9212-33f0352c3165
Boisbriand Regional Water Purification Station Filters 3-6 Upgrade and 6th Pump Installation,Boisbriand - Quebec,Boisbriand,Quebec,,CAD,,identified,85,Séance Ordinaire du Conseil Municipal,2025-04-01,https://www.ville.boisbriand.qc.ca/storage/app/media/ville/vie-democratique/seances-du-conseil/ODJ/2025/2025-04-01_Seance-ordinaire.pdf,https://www.ville.boisbriand.qc.ca/conseil/proces-verbaux,project_discussion,"Approval of intermunicipal agreement amendment with Blainville, Mirabel, Sainte-Thérèse for cost adjustments on works to upgrade filters 3, 4, 5, and 6, and supply/installation of a sixth distribution pump at the station de purification de l'eau. No specific issues like filter performance or capacity shortfalls detailed. No technical data on flows (MGD), water quality parameters (turbidity, etc.), population served, or plant capacity. No regulatory deadlines. Facility is regional water treatment",,,,3.5,2016-2021,,,,,,ed270c7d-493f-4492-b8f9-28c588bfd29e
Usine d'Épuration Boisbriand Système de Ventilation Réfection,Boisbriand - Quebec,Boisbriand,Quebec,,CAD,,identified,85,Conseil municipal de la Ville de Boisbriand,2025-04-01,https://www.ville.boisbriand.qc.ca/storage/app/media/ville/vie-democratique/seances-du-conseil/PV/2025/2025-04-01_Seance-ordinaire.pdf,https://www.ville.boisbriand.qc.ca/conseil/proces-verbaux,planning_stage,"The City of Boisbriand has issued a notice of motion for Règlement RV-1777 to decree works for the refurbishment of the ventilation system at the Usine d'Épuration (wastewater treatment plant) and financing via loan. No specific problem statement is detailed, such as performance failures or violations. No technical data provided including flow rates, capacities, contaminant levels, population served, or infrastructure age. No regulatory context, permits, deadlines, or agencies mentioned. Facilit",,,,0.24,2016-2021,,,,,,b818a3b1-f622-4d43-a534-379331e3f594
Water Treatment Plant Sanitary Sewer Replacement,"Emo, Township of - Ontario","Emo, Township of",Ontario,,CAD,,identified,85,Emo Municipal Council,2024-01-25,https://emo.ca/wp-content/uploads/2024/01/2.-January-25-2024-Special-Council-Meeting-Agenda.pdf,https://emo.ca/agendas-minutes/,project_discussion,"Agenda item under Water/Waste Water section discussing or reporting on the replacement of the sanitary sewer at the Water Treatment Plant, indicating a planned infrastructure upgrade for wastewater collection systems.",,,,0.69,2016-2021,,,,No verified data on construction or upgrade years found.,,ca31f2ee-f328-4c90-b83e-6079aa08bda5
Emo Water & Wastewater Non-Compliance Notification,"Emo, Township of - Ontario","Emo, Township of",Ontario,,CAD,,identified,85,Emo Municipal Council,2024-11-13,https://emo.ca/wp-content/uploads/2024/11/19-November-13-2024-amended-Regular-Council-Meeting-Agenda.pdf,https://emo.ca/agendas-minutes/,planning_stage,"OCWA notification of non-compliance for Emo Water & Wastewater Treatment Systems, indicating potential issues with water quality, infrastructure, or operations that may require corrective projects, upgrades, or consultant studies.",,,,0.89,2016-2021,,,,,,74bc0bed-0073-42c5-9863-b4ec1be3951e
Usine d'Épuration Boisbriand Système d'Air Climatisé et Chauffe-Eau Remplacement,Boisbriand - Quebec,Boisbriand,Quebec,,CAD,,identified,85,Conseil municipal de la Ville de Boisbriand,2025-04-01,https://www.ville.boisbriand.qc.ca/storage/app/media/ville/vie-democratique/seances-du-conseil/PV/2025/2025-04-01_Seance-ordinaire.pdf,https://www.ville.boisbriand.qc.ca/conseil/proces-verbaux,planning_stage,"Notice of motion for Règlement RV-1778 decrees replacement works for the air conditioning system and water heater at the Usine d'Épuration (wastewater treatment plant) in Boisbriand, financed by loan. No problem statement details like failures, violations, or performance metrics. No technical numbers such as flows (ML/day), capacities, contaminants (TP, NH3, BOD), population, or age. No regulatory drivers, deadlines, or agencies cited. Facility details: Usine d'Épuration Boisbriand; no current p",,,,1.24,2016-2021,,,,,,dcfe2f7e-9890-452e-8c45-c7e7c2a40edf
Wastewater Treatment Plant Upgrades Class EA,"Hanover, Town of - Ontario","Hanover, Town of",Ontario,,CAD,,identified,85,,,https://www.hanover.ca/council-government/mayor-council/council-and-committee-meetings,http://www.hanover.ca/council-government/mayor-council/council-and-committee-meetings,planning_stage,"Class Environmental Assessment for upgrades to the Wastewater Treatment Plant, addressing wastewater infrastructure.",,,,1,2016-2021,,,,,,729c0735-0fc8-47ff-a4db-c2ff88737a9f
Flocculation Paddle Replacement – Water Treatment Plant,"Moosonee, Town of - Ontario","Moosonee, Town of",Ontario,,CAD,,identified,85,Town Council Regular Meeting #07-2025,2025-03-25,https://www.moosonee.ca/wp-content/uploads/2025/05/07-2025-March-25-2025-Regular-Meeting-Agenda.pdf,https://www.moosonee.ca/meeting-agendas/,project_discussion,"Report on the replacement of flocculation paddles at the Water Treatment Plant, indicating a planned maintenance or upgrade project for drinking water treatment infrastructure.",,,,-0.67,2016-2021,,,,,,fe5ae397-a6de-42d9-a650-fd8cf86fe3cc
"Secteur Saint-Méthode Aerated Ponds Improvements Project 2023-008 - Adstock, Quebec",Adstock - Quebec,Adstock,Quebec,,CAD,,identified,85,Conseil de la Municipalité d'Adstock,2025-05-12,https://www.adstock.ca/wp-content/uploads/2025/11/2025-05-12.pdf,https://www.adstock.ca/vie-municipale/seances-du-conseil/,project_discussion,"Council agenda item 8.7 covers the awarding of professional services mandates for improvements to the aerated ponds (étangs aérés) wastewater treatment system in the Saint-Méthode sector under project 2023-008. This indicates identified needs for upgrades to the existing wastewater treatment facility, potentially addressing operational challenges, capacity issues, or compliance with effluent standards. No specific problem statement such as effluent violations, BOD/TSS exceedances, nutrient level",,,,2.36,2016-2021,,,,,,2ae18d1b-4180-4c55-8d3e-89f564650ec3
Emo Water Treatment Plant Wastewater Tank Design,"Emo, Township of - Ontario","Emo, Township of",Ontario,,CAD,,identified,85,Regular Council Meeting,2024-06-12,https://emo.ca/wp-content/uploads/2024/07/11-June-12-2024-Regular-Council-Meeting-Minutes.pdf,https://emo.ca/agendas-minutes/,planning_stage,"Council has received a quote for the design of a wastewater tank at the Emo Water Treatment Plant, indicating a need for engineering design services related to wastewater management at the water treatment facility. No specific problem statement, performance issues, violations, or technical data such as flow rates, capacities, contaminant levels, population served, or infrastructure age is mentioned in the minutes. No regulatory context, permit conditions, compliance deadlines, or agencies are re",,,,0.69,2016-2021,,,,,,d5560bdd-1fa8-4a40-ba74-1d0ed84e03e2
"Val Côté Sanitary System Maintenance - Clean Pipes, Empty Lagoon, Valve Replacement","Mattice-Val CÃ´tÃ©, Township of - Ontario","Mattice-Val CÃ´tÃ©, Township of",Ontario,,CAD,,identified,85,Regular Council Meeting,2025-05-15,https://www.matticevalcote.ca/en/_files/ugd/93a5a9_f939a473f13846598a6e4659f5283277.pdf,https://www.matticevalcote.ca/en/conseil-municipal,planning_stage,"The Township of Mattice-Val Côté has identified maintenance needs for the Val Côté sanitary system, which includes cleaning pipes, emptying the lagoon, and changing valves. This work is required to address operational requirements for the wastewater sanitary system, likely a lagoon-based treatment facility serving the Val Côté area. No specific problem statement details such as performance failures, violations, or current vs. required numbers are provided in the minutes. No technical data like f",,,,-1.2,2016-2021,,,,,,942c3cec-e7c6-403a-9eae-545b392d932e
Cowansville Usine d'Épuration / Station d'Épuration Mise à Niveau Upgrade,Cowansville - Quebec,Cowansville,Quebec,,CAD,,identified,85,Séance ordinaire du conseil municipal de Cowansville,2024-08-06,https://www.cowansville.ca/storage/app/media/vie-municipale/democratie/seances-du-conseil/2024/ODJ_Seance_2024-08-06.pdf,https://www.cowansville.ca/vie-municipale/democratie/seances-du-conseil,project_discussion,"The City of Cowansville is actively upgrading its wastewater treatment facilities, referred to as both 'usine d'épuration' and 'station d'épuration'. The project involves construction works with progressive payments authorized, including décompte progressif numéro 15 and numéro 16. A contract modification was approved for Caroline Denommée architecte inc. to provide surveillance des travaux for the mise à niveau project. This indicates ongoing implementation of an approved upgrade project addres",,,,2.1,2016-2021,,,,,,1fd4d49a-3af0-4303-a8d8-2a235f8db248
"Gros Cap Pumping Station Pump and Motor Control Center (MCC) Replacements - Prince Township, Ontario","Prince, Township of - Ontario","Prince, Township of",Ontario,,CAD,,identified,85,"Regular Council Meeting, Township of Prince",2025-07-08,https://www.princetownship.ca/uploads/3/9/8/6/39869797/agenda_pkg_for_july_8th_council_mtg_-_amended_final.pdf,https://www.princetownship.ca/agendas-and-minutes.html,planning_stage,"The Gros Cap Pumping Station requires upgrades to its aging electrical infrastructure controlling the station's pumps. The project involves removing and replacing the pump and Motor Control Center (MCC) to address deterioration and ensure reliable operation. No specific performance numbers, flow rates, capacities, or contaminant levels are mentioned. The station is part of the water supply system, drawing raw water for transmission to the Water Treatment Plant. No regulatory context, violations,",,,,-1.2,2011-2021,,,,No specific data on WWTP construction or upgrades found in reliable sources.,,e31a042a-f53b-43c9-9300-cd64e290725d
Prince Township Water Transmission Mains Condition Assessment including Gros Cap Pump Station to Water Treatment Plant Raw Water Main,"Prince, Township of - Ontario","Prince, Township of",Ontario,,CAD,,identified,85,"Regular Council Meeting, Township of Prince",2025-07-08,https://www.princetownship.ca/uploads/3/9/8/6/39869797/agenda_pkg_for_july_8th_council_mtg_-_amended_final.pdf,https://www.princetownship.ca/agendas-and-minutes.html,planning_stage,"PUC plans a condition assessment of water transmission mains in Prince Township, including the raw water transmission main from the Gros Cap Pump Station to the Water Treatment Plant. This addresses potential deterioration in the distribution system to ensure ongoing reliability and water quality for drinking water supply. No specific issues, performance numbers, flow rates, capacities, population served, or infrastructure age are detailed. No violations, effluent parameters, or contaminants men",,,,-0.5,2011-2021,,,,No municipal WWTP identified.,,55df5997-66d7-4b24-947b-9ceabec4bdad
Water Treatment Facility Upgrade & Expansion Project ICIP Scope Change,City of Brandon - Manitoba,City of Brandon,Manitoba,,CAD,,identified,80,Regular Council Meeting,2025-07-28,https://www.brandon.ca/media/4zpfsztw/agenda-july-28-2025.pdf,https://www.brandon.ca/city-hall/agendas-and-minutes,project_discussion,Request for scope change to the ICIP funding Contribution Agreement for the Water Treatment Facility Upgrade & Expansion project.,6.6,4,61,1,2016-2021,1971,53,2007,Originally commissioned in 1971 with major upgrades in 1995 and 2007; age calculated as 2024 - built_year.,,e3f3fcc2-0d6d-4cf2-b584-baf519b7ccbd
Expansion of the Rockland Water Treatment Plant,"Clarence-Rockland, City of - Ontario","Clarence-Rockland, City of",Ontario,,CAD,,identified,80,,,https://www.clarence-rockland.com/en/city-hall/municipal-council/municipal-council-committee-meeting-calendar,https://www.clarence-rockland.com/en/hotel-de-ville/meetings-and-minutes.aspx,planning_stage,"Expansion project for the Rockland Water Treatment Plant listed under Budget Plans, Reports and Studies, indicating ongoing planning or study for water treatment infrastructure upgrade.",,,,1.5,2016-2021,,,,No specific verified data on construction or upgrade years found in reliable sources.,,4175b940-e3dc-45d7-9cfc-a0a494642591
Alexandria Lagoon Expansion - PW-1006,"North Glengarry, Township of - Ontario","North Glengarry, Township of",Ontario,,CAD,,identified,80,Regular Meeting of Council,2026-01-12,https://www.northglengarry.ca/media/5owdrjei/regular-min-jan-12.pdf,https://www.northglengarry.ca/government/council-meeting-information/,project_discussion,"The Township of North Glengarry has approved the prequalification recommendations for contractors on the Alexandria Lagoon Expansion project. This indicates an ongoing need for expansion of the wastewater lagoon facility, likely due to capacity constraints, regulatory requirements, or growth in service area, though specific problems such as effluent violations or flow exceedances are not detailed in the minutes. No current performance numbers versus requirements, violations, or complaints are me",1.11,0.63,56,-0.57,2011-2021,1982,42,2008,Alexandria WWTP facultative lagoon system originally constructed early 1980s; major upgrades included UV disinfection and headworks ~2007-2008. Age from built year to 2024.,,6a878747-04c1-4528-a98d-3d30a0bce557
Prescott Wastewater Treatment Plant Expansion - Design Coordination,"Prescott, Town of - Ontario","Prescott, Town of",Ontario,,CAD,,identified,80,Town Council,2025-03-17,https://www.prescott.ca/media/id3pbfsn/council-agenda-march-17-2025.pdf,https://www.prescott.ca/town-hall/agendas-minutes/,planning_stage,"Staff will be coordinating the design work required for the expansion of the Wastewater Treatment Plant in 2025 as part of the Strategic Plan under Encouraging Significant Housing Development Priority 1, Objective 1. This project supports expansion of water and sewer services into Augusta Township. No specific current performance numbers, flows, capacities, or contaminant levels are mentioned. No regulatory context, deadlines, or violations detailed. Facility is the Prescott Wastewater Treatment",,,,0.22,2016-2021,,,,,,895825f2-3241-4ae3-8ed8-c51acaa808dc
Boisbriand Usine d'Épuration Sludge Treatment System Upgrade,Boisbriand - Quebec,Boisbriand,Quebec,,CAD,,identified,75,Séance Extraordinaire du Conseil Municipal de Boisbriand,2025-12-10,https://www.ville.boisbriand.qc.ca/storage/app/media/ville/vie-democratique/seances-du-conseil/ODJ/2025/2025-12-10_Seance-extraordinaire.pdf,https://www.ville.boisbriand.qc.ca/conseil/proces-verbaux,project_discussion,"The municipal council is addressing the upgrading of the sludge treatment system at the Boisbriand wastewater treatment plant through By-law RV-1747-1, which modifies the previous By-law RV-1747 to declare these works and authorize borrowing for their financing. No specific problem statement is detailed, such as what's broken, failing, or violated, and no current performance numbers versus requirements are mentioned. No technical data is provided, including flow rates, capacities, contaminant le",,,,1.1,2016-2021,,,,,,830cbb11-eb1e-4d0c-945d-e4428e5e4157
Farnham Station d'Épuration - Ajout d'une Désinfection UV,Farnham - Quebec,Farnham,Quebec,,CAD,,identified,75,Séance ordinaire du 7 avril 2025,2025-04-07,https://ville.farnham.qc.ca/wp-content/uploads/2025/04/2025-04-07-ODJ.pdf,https://ville.farnham.qc.ca/ville/democratie/seances-du-conseil/seances-du-conseil-2025/,planning_stage,"The municipality of Farnham is discussing a project to add UV disinfection at the station d'épuration, which is the local wastewater treatment plant. This initiative involves submitting a demande d'aide financière (financial aid request) to the Programme d’infrastructures municipales d’eau 2023, indicating active planning for a capital upgrade to the WWTP. No specific problem statement is detailed in the agenda, such as effluent violations, E. coli levels, or disinfection failures. No technical ",,,,0.77,2016-2021,,,,,,2155acd3-d731-4b5d-b3a1-7efba22183fd
Boisbriand Usine d'Épuration Inlet Bar Screen and Collector Replacement,Boisbriand - Quebec,Boisbriand,Quebec,,CAD,,identified,75,Séance Extraordinaire du Conseil Municipal de Boisbriand,2025-12-10,https://www.ville.boisbriand.qc.ca/storage/app/media/ville/vie-democratique/seances-du-conseil/ODJ/2025/2025-12-10_Seance-extraordinaire.pdf,https://www.ville.boisbriand.qc.ca/conseil/proces-verbaux,project_discussion,"The council is issuing notice of motion and depositing By-law RV-1782 to declare works for the replacement of the bar screen (dégrilleur) and inlet collector at the entrance of the Boisbriand wastewater treatment plant (usine d'épuration), along with borrowing to finance it. No problem statement details current issues, failures, violations, or performance metrics versus standards. No technical data such as flow rates (ML/day, m³/day), capacities (hydraulic or organic), contaminant levels (TP, TN",,,,5.4,2016-2021,,,,,,e0d2fc3e-8530-43c9-bf38-54eeadea2b8e
Emo Drinking Water System Written Warning and Inspection Reports,"Emo, Township of - Ontario","Emo, Township of",Ontario,,CAD,,identified,75,Emo Municipal Council,2024-01-16,https://emo.ca/wp-content/uploads/2024/01/2.-Regular-Council-Meeting-Agenda-January-16-2024.pdf,https://emo.ca/agendas-minutes/,planning_stage,"Presentation of OCWA monthly reports for water and wastewater treatment (August to November 2023), a written warning for the Emo Drinking Water System in December 2023, and 2023/2024 inspection reports for both drinking water and wastewater systems, indicating potential regulatory compliance issues, water quality problems, or infrastructure needs that may lead to remedial projects or upgrades.",,,,3.5,2016-2021,,,,,,7981a929-8648-4274-9214-b0447d950514
Water Treatment Plant Wastewater Tank Design,"Emo, Township of - Ontario","Emo, Township of",Ontario,,CAD,,identified,75,Emo Municipal Council Regular Meeting,2024-03-12,https://emo.ca/wp-content/uploads/2024/03/6-March-12-2024-Agenda-Regular-Meeting-of-Council-1.pdf,https://emo.ca/agendas-minutes/,planning_stage,"Staff report on wastewater tank design at the Water Treatment Plant, presented by SBA, indicating ongoing planning or study for wastewater infrastructure improvements.",,,,-0.98,2016-2021,,,,"Emo operates a wastewater lagoon system, but specific years not verified in accessible sources.",,56de175e-3b45-4b0d-a4d5-ac40d5ac6b81
Emo Water Treatment Plant Sanitary Sewer Replacement,"Emo, Township of - Ontario","Emo, Township of",Ontario,,CAD,,identified,75,Emo Municipal Council Regular Meeting,2024-01-25,https://emo.ca/wp-content/uploads/2024/01/2.-January-25-2024-Special-Council-Meeting-Agenda.pdf,https://emo.ca/agendas-minutes/,project_discussion,"The agenda includes a staff report or motion under Water/Waste Water section specifically titled 'Water Treatment Plant Sanitary Sewer Replacement,' indicating a project to replace the sanitary sewer at the Emo Water Treatment Plant. No specific problem statement details such as what's broken, failing, or violated are provided in the agenda. No technical data including flow rates, capacities, contaminant levels, population served, infrastructure age, or treatment processes are mentioned. No regu",,,,3.51,2016-2021,,,,,,c1f65839-946a-4531-b237-87277b027776
Prescott Wastewater Treatment Plant Expansion,"Prescott, Town of - Ontario","Prescott, Town of",Ontario,,CAD,,identified,75,Prescott Town Council,2025-09-15,https://www.prescott.ca/media/b2norf2y/council-minutes-september-15-2025.pdf,https://www.prescott.ca/town-hall/agendas-minutes/,project_discussion,"Council received an update on key infrastructure projects, including the Wastewater Treatment Plant Expansion, during Staff Report 60-2025. Discussion centered on the expansion amounts and the specific financial contribution expected from the Town of Prescott. The construction timeline for the project was also addressed by Matt Locke, Director of Operations. No explicit problem statement was provided, such as capacity shortages, effluent violations, or performance issues driving the expansion. N",,,,0.22,2016-2021,,,,,,107ee90b-9625-45bd-aaee-65a9c1b1f2b8
"WTP SCADA Upgrade - Township of Macdonald, Meredith & Aberdeen Additional","Macdonald, Meredith and Aberdeen Additional, Township of - Ontario","Macdonald, Meredith and Aberdeen Additional, Township of",Ontario,,CAD,,identified,75,"Special Council Meeting, Township of Macdonald, Meredith & Aberdeen Additional",2025-04-29,https://echobay.ca/wp-content/uploads/2025/05/April-29-2025-Special-Minutes.pdf,https://echobay.ca/council-minutes/,planning_stage,"The Township reviewed 2025 capital projects including SCADA upgrade at the WTP as part of Sewer & Water plans from surplus summary. No problem statement specified, such as system failures, outdated software, cybersecurity issues, or operational inefficiencies. No technical data on current SCADA system age, capabilities, WTP flow rates (ML/day, MGD), capacity (hydraulic/organic), population served, or treatment processes. No regulatory context like compliance deadlines or agencies. Facility is th",,,,1.8,2016-2021,,,,,,da73eb98-1714-45df-98ab-a8da89bcdea0
"WTP & STP Capital Finance Plan & Structural Review - Township of Macdonald, Meredith & Aberdeen Additional","Macdonald, Meredith and Aberdeen Additional, Township of - Ontario","Macdonald, Meredith and Aberdeen Additional, Township of",Ontario,,CAD,,identified,75,Regular Council Meeting,2025-04-01,https://echobay.ca/wp-content/uploads/2024/09/April-1-2025-Agenda.pdf,https://echobay.ca/council-minutes/,planning_stage,"Kresin Engineering presented on the Capital Finance Plan and Structural Review for the Water Treatment Plant (WTP) and Sewage Treatment Plant (STP). No specific problem statement, current performance issues, violations, or complaints detailed in the minutes. No technical data such as flow rates, capacities, contaminant levels, population served, infrastructure age, or treatment processes mentioned. No regulatory context, permits, deadlines, or agencies specified. Facility details including plant",,,,1.1,2016-2021,,,,WWTP is a lagoon system serving Emsdale hamlet; no specific dates found,,df908150-6de3-46a7-9645-756231990e93
"STP Structural Condition Review and Capital Finance Plan - Township of Macdonald, Meredith & Aberdeen Additional","Macdonald, Meredith and Aberdeen Additional, Township of - Ontario","Macdonald, Meredith and Aberdeen Additional, Township of",Ontario,,CAD,2025-11-23T00:00:00+00:00,identified,75,"Regular Council Meeting, Township of Macdonald, Meredith & Aberdeen Additional",2025-04-01,https://echobay.ca/wp-content/uploads/2025/05/April-1-2025-Minutes.pdf,https://echobay.ca/council-minutes/,planning_stage,"As part of the Kresin Engineering delegation, a comprehensive condition review was conducted for the Sewage Treatment Plant (STP), though specific urgent items for the STP were not detailed separately from the WTP. The review is tied to the WTP & STP Capital Finance Plan, indicating identified needs for capital improvements and ongoing structural concerns. No problem statements with specific performance failures, violations, or complaints were provided for the STP. No technical data such as flow",,,,8.6,2016-2021,,,,,,673aa54a-b9d3-4852-a513-45ba1f7a49b0
"Prescott Wastewater Treatment Plant Expansion - Prescott, Ontario","Prescott, Town of - Ontario","Prescott, Town of",Ontario,,CAD,,identified,75,Prescott Town Council,2025-09-15,https://www.prescott.ca/media/iq2pfgjv/council-agenda-october-6-2025.pdf,https://www.prescott.ca/town-hall/agendas-minutes/,project_discussion,"The minutes reference an update on key infrastructure projects including the Wastewater Treatment Plant Expansion. Discussion focused on the expansion amounts, the specific costs the Town of Prescott is expected to pay, and the construction timeline. No detailed problem statement was provided, such as specific issues with current performance, violations, or capacity shortfalls. No technical data was mentioned, including flow rates, design capacity versus actual usage, contaminant levels like pho",,,,-0.97,2016-2021,,,,,,4f0e6276-d3d1-44c5-aef5-bf1c06b7b742
"Morrisburg Sewer Extension West of Water Treatment Plant - South Dundas, ON","South Dundas, Municipality of - Ontario","South Dundas, Municipality of",Ontario,,CAD,,identified,75,Sixth Council of the Corporation of the Municipality of South Dundas,2018-09-04,https://www.southdundas.com/sites/3/files/2021-12/September-4-2018-Minutes.pdf,https://www.southdundas.com/municipal-centre/council,project_discussion,"Council accepted Report CAO2018-04 regarding the Morrisburg Sewer Extension West of Water Treatment Plant and authorized staff to proceed with Option #1. No specific problem statement detailing what's broken, failing, or violated was provided in the minutes. No technical data such as flow rates, capacities, contaminant levels, population served, infrastructure age, or current treatment processes were mentioned. No regulatory context including permits, orders, compliance deadlines, or agencies wa",,,,-0.1,2016-2021,,,,,,f84e2746-6346-4975-b9f7-d038ef12e478
"Thorndale Wastewater Treatment Plant Expansion - Thorndale, Municipality of Thames Centre, Ontario","Thames Centre, Municipality of - Ontario","Thames Centre, Municipality of",Ontario,,CAD,,identified,75,,,https://www.thamescentre.on.ca/council-and-administration/budget-and-financial-statements/capital-projects/202627-catherine-street-watermain-replacement-sidewalk-installation-and-storm-sewer-reconstruction/,https://www.thamescentre.on.ca/council-and-administration/council/council-calendar-agenda-minutes/,planning_stage,"No specific problem statement is provided in the text, such as capacity constraints, effluent violations, or operational issues at the Thorndale WWTP. No technical data including flow rates, plant capacity, contaminant levels (e.g., TP, NH3-N, BOD, TSS), population served, or infrastructure age is mentioned. No regulatory context, permits, deadlines, or agencies like Ministry of Environment are referenced. The facility is the Thorndale Wastewater Treatment Plant serving the Thorndale area within",,,,0.83,2016-2021,,,,,,3694b265-f128-4257-b785-39fcdf992a5f
Wastewater Treatment Plant Upgrades,Banff - Alberta,Banff,Alberta,,CAD,,identified,70,Banff Town Council,2026-02-10,https://banff.ca/AgendaCenter/PreviousVersions/_02102026-1502,https://banff.ca/AgendaCenter,planning_stage,"Upgrades to the Wastewater Treatment Plant (WWTP), indicating potential infrastructure improvements for wastewater treatment.",1.32,0.84,64,1.2,2011-2021,1983,41,2018,"Original mechanical plant commissioned 1983; major upgrades in 1995 (disinfection), 2008 (capacity), 2012 (tertiary), 2018 (odour control).",,6a8eea56-e9b1-4682-ae57-15f95286bb55
Sanitary Sewer Asset Management Improvements,"Cochrane, Town of - Ontario","Cochrane, Town of",Ontario,,CAD,,identified,70,Regular Council,2025-12-08,https://www.cochrane.ca/sites/default/files/2025-12/Council%20Highlights%20-%20December%208%2C%202025.pdf,https://www.cochrane.ca/government/council/council-meetings,planning_stage,"Rate increases approved for 2026 to support sustainable service delivery, improving asset management practices, and continuous operation and maintenance of the wastewater collection system, including transfer to Calgary for wastewater treatment.",,,,0.71,2016-2021,,,,"WWTP described as aerated lagoon system on municipal website, but no specific years verified.",,5c75e570-de19-415d-acd4-da4799ae6297
WTP Sewer Line Repair,"Emo, Township of - Ontario","Emo, Township of",Ontario,,CAD,,identified,70,Emo Municipal Council,2024-06-12,https://emo.ca/wp-content/uploads/2024/06/11-June-12-2024-Regular-Council-Meeting-Agenda.pdf,https://emo.ca/agendas-minutes/,project_discussion,"Agenda item discussing sewer line repair at the Water Treatment Plant (WTP), suggesting potential maintenance or upgrade work for wastewater infrastructure.",,,,-1.16,2016-2021,,,,No verifiable data found from reliable public sources,,d0cc3a33-a745-4f47-bdee-2114b8e3f2bc
Emo Water Treatment Plant Sewer Repair,"Emo, Township of - Ontario","Emo, Township of",Ontario,,CAD,,identified,70,Emo Municipal Council Regular Meeting,2025-01-14,https://emo.ca/wp-content/uploads/2025/01/2.-January-14-2025-Regular-Council-Meeting-Agenda.pdf,https://emo.ca/agendas-minutes/,planning_stage,"The Water Treatment Plant in Emo requires sewer repairs, indicating an infrastructure issue with the sewer system associated with the drinking water treatment facility. Staff, likely from Public Works under Jason Smith, have prepared draft final drawings and a draft tender document, signaling active preparation for procurement of repair services or construction. No specific problem statement details such as the nature of the sewer failure, age of infrastructure, or exact location within the plan",,,,-1.02,2016-2021,,,,,,a4c34476-2317-4e75-ae64-596425438089
Régie d’Assainissement des eaux usées de Chatham / Lachute - Budget 2026 and PTI 2026-2027-2028,Brownsburg-Chatham - Quebec,Brownsburg-Chatham,Quebec,,CAD,,identified,70,Conseil municipal de Brownsburg-Chatham,2025-11-11,https://brownsburgchatham.ca/wp-content/uploads/2025/11/Ordre-du-jour-du-11-novembre-2025.pdf,https://brownsburgchatham.ca/ma-ville/vie-democratique/seances-du-conseil/,planning_stage,"The municipal council is adopting the 2026 budget forecasts and the 2026-2027-2028 Plan Triennal d'Immobilisations (PTI) for the Régie d’Assainissement des eaux usées de Chatham / Lachute, which serves Brownsburg-Chatham. This approval indicates funded capital projects and operational budgets for wastewater treatment and collection systems for the next three years. No specific problems, technical data, flows, capacities, contaminant levels, or regulatory contexts are detailed in the agenda item.",,,,0.8,2011-2021,,,,,,d9103450-5871-4355-abe9-ce3fdadbb18a